{
  "id": "gambitsEmoteBar",
  "title": "Gambit's Emote Bar",
  "description": "A tool to use emotes in Foundry VTT.",
  "authors": [
    {
      "name": "Gambit",
      "discord": "gambit07"
    },
    {
      "name": "Eskie",
      "discord": "EskieMoh#2969"
    }
  ],
  "version": "3.0.0",
  "compatibility": {
    "minimum": 12.328,
    "verified": 13.345,
    "maximum": 13.999
  },
  "esmodules": [
    "scripts/module.js"
  ],
  "styles": [
    "styles/styles.css"
  ],
  "relationships": {
    "requires": [
      {
        "id": "sequencer",
        "type": "module",
        "compatibility": {
          "minimum": "3.4.8",
          "verified": "3.6.11"
        }
      }
    ]
  },
  "languages": [
    {
      "lang": "en",
      "name": "English",
      "path": "languages/en.json"
    },
    {
      "lang": "pt-BR",
      "name": "Português (Brasil)",
      "path": "languages/pt-BR.json"
    }
  ],
  "url": "https://github.com/gambit07/gambitsEmoteBar",
  "manifest": "https://github.com/gambit07/gambitsEmoteBar/releases/latest/download/module.json",
  "download": "https://github.com/gambit07/gambitsEmoteBar/releases/download/3.0.0/module.zip"
}
